id,relato_ocorrencia,natureza_penal,bairro_ficticio,turno,dia_semana,houve_violencia,envolve_menor,valor_prejuizo_reais,gravidade_lesao,meio_empregado,vinculo_partes,necessita_pericia,prioridade_atendimento,procedimento_recomendado,tempo_estimado_resolucao_dias
1,"Comunicante informa que teve aparelho celular subtraido de mochila em ponto de onibus sem perceber a acao",Furto,Setor Alfa,Manha,Segunda,false,false,1800.00,Nenhuma,Subtracao sem violencia,Desconhecido,false,Media,Inquerito Policial,45
2,"Vitima relata que foi abordada por individuo armado que levou carteira e documentos em via publica",Roubo,Setor Beta,Noite,Terca,true,false,450.00,Nenhuma,Arma de fogo,Desconhecido,false,Alta,Auto de Prisao em Flagrante,15
3,"Comunicante afirma ter recebido link falso de banco e realizou transferencia para conta desconhecida",Estelionato,Setor Gama,Tarde,Quarta,false,false,3200.00,Nenhuma,Meio digital,Desconhecido,false,Media,Inquerito Policial,60
4,"Moradora relata ameacas reiteradas enviadas por ex-companheiro por aplicativo de mensagens",Ameaca,Setor Delta,Noite,Quinta,false,false,0.00,Nenhuma,Mensagem eletronica,Ex-companheiro,false,Alta,Termo Circunstanciado de Ocorrencia,20
5,"Vitima informa agressao fisica durante discussao em comercio local com lesoes leves aparentes",Lesao Corporal,Setor Epsilon,Tarde,Sexta,true,false,0.00,Leve,Forca fisica,Conhecido,true,Alta,Termo Circunstanciado de Ocorrencia,25
6,"Comunicante relata dano em veiculo estacionado com vidro quebrado e objetos espalhados no interior",Dano ao Patrimonio,Setor Zeta,Madrugada,Sabado,false,false,2500.00,Nenhuma,Objeto contundente,Desconhecido,true,Media,Inquerito Policial,50
7,"Vizinho informa som excessivo vindo de residencia durante a madrugada apesar de pedidos de reducao",Perturbacao do Sossego,Setor Eta,Madrugada,Domingo,false,false,0.00,Nenhuma,Som amplificado,Vizinho,false,Baixa,Termo Circunstanciado de Ocorrencia,10
8,"Denuncia anonima relata comercializacao de entorpecentes nas proximidades de escola ficticia",Trafico de Drogas,Setor Teta,Tarde,Segunda,false,true,0.00,Nenhuma,Substancia ilicita,Desconhecido,false,Alta,Inquerito Policial,90
9,"Familiar comunica que adolescente nao retornou para casa apos sair para curso no periodo da tarde",Pessoa Desaparecida,Setor Iota,Noite,Terca,false,true,0.00,Nenhuma,Nao se aplica,Familiar,false,Alta,Inquerito Policial,30
10,"Mulher relata agressao verbal e empurrao praticados por companheiro dentro da residencia",Violencia Domestica,Setor Kappa,Noite,Quarta,true,false,0.00,Leve,Forca fisica,Companheiro,true,Alta,Auto de Prisao em Flagrante,15
11,"Comunicante percebeu ausencia de notebook deixado em sala compartilhada de trabalho",Furto,Setor Alfa,Tarde,Quinta,false,false,4200.00,Nenhuma,Subtracao sem violencia,Colega,false,Media,Inquerito Policial,55
12,"Vitima foi segurada pelo braco e teve bolsa arrancada por duas pessoas em motocicleta",Roubo,Setor Beta,Manha,Sexta,true,false,900.00,Leve,Forca fisica,Desconhecido,false,Alta,Auto de Prisao em Flagrante,18
13,"Pessoa relata compra de produto anunciado em plataforma online sem entrega apos pagamento",Estelionato,Setor Gama,Noite,Sabado,false,false,750.00,Nenhuma,Meio digital,Desconhecido,false,Media,Inquerito Policial,70
14,"Comerciante informa ter recebido ameaca de cliente insatisfeito apos desacordo sobre servico",Ameaca,Setor Delta,Manha,Domingo,false,false,0.00,Nenhuma,Presencial,Cliente,false,Media,Termo Circunstanciado de Ocorrencia,15
15,"Vitima relata soco no rosto durante discussao familiar com necessidade de atendimento medico",Lesao Corporal,Setor Epsilon,Noite,Segunda,true,false,0.00,Moderada,Forca fisica,Familiar,true,Alta,Inquerito Policial,35
16,"Morador informa pichacao recente em muro de predio comercial sem identificacao do autor",Dano ao Patrimonio,Setor Zeta,Madrugada,Terca,false,false,1200.00,Nenhuma,Tinta spray,Desconhecido,true,Baixa,Termo Circunstanciado de Ocorrencia,25
17,"Relato indica festa com musica alta e aglomeracao em imovel vizinho ate o amanhecer",Perturbacao do Sossego,Setor Eta,Madrugada,Quarta,false,false,0.00,Nenhuma,Som amplificado,Vizinho,false,Baixa,Termo Circunstanciado de Ocorrencia,8
18,"Equipe recebeu noticia de armazenamento de substancias ilicitas em imovel abandonado",Trafico de Drogas,Setor Teta,Noite,Quinta,false,false,0.00,Nenhuma,Substancia ilicita,Desconhecido,false,Alta,Inquerito Policial,100
19,"Comunicante informa desaparecimento de pessoa idosa que saiu para caminhada e nao retornou",Pessoa Desaparecida,Setor Iota,Tarde,Sexta,false,false,0.00,Nenhuma,Nao se aplica,Familiar,false,Alta,Inquerito Policial,25
20,"Vitima relata que companheiro quebrou objetos da casa e fez ameacas durante discussao",Violencia Domestica,Setor Kappa,Noite,Sabado,true,false,600.00,Nenhuma,Objeto domestico,Companheiro,true,Alta,Auto de Prisao em Flagrante,20
21,"Comunicante relata furto de bicicleta presa em suporte externo de predio residencial",Furto,Setor Alfa,Manha,Domingo,false,false,1500.00,Nenhuma,Subtracao sem violencia,Desconhecido,false,Media,Inquerito Policial,40
22,"Vitima informa roubo de relogio mediante grave ameaca em estacionamento de centro comercial",Roubo,Setor Beta,Noite,Segunda,true,false,2500.00,Nenhuma,Grave ameaca,Desconhecido,false,Alta,Inquerito Policial,35
23,"Comunicante relata golpe envolvendo falso comprovante de pagamento por item vendido",Estelionato,Setor Gama,Tarde,Terca,false,false,980.00,Nenhuma,Meio digital,Comprador,false,Media,Inquerito Policial,65
24,"Pessoa informa ameaca verbal proferida por vizinho apos disputa por vaga de garagem",Ameaca,Setor Delta,Noite,Quarta,false,false,0.00,Nenhuma,Presencial,Vizinho,false,Media,Termo Circunstanciado de Ocorrencia,12
25,"Vitima relata empurrao e queda durante conflito em evento local com escoriacoes",Lesao Corporal,Setor Epsilon,Noite,Quinta,true,false,0.00,Leve,Forca fisica,Desconhecido,true,Media,Termo Circunstanciado de Ocorrencia,22
26,"Representante de loja relata porta danificada apos tentativa de arrombamento durante a madrugada",Dano ao Patrimonio,Setor Zeta,Madrugada,Sexta,false,false,5800.00,Nenhuma,Ferramenta de arrombamento,Desconhecido,true,Media,Inquerito Policial,50
27,"Moradora comunica barulho recorrente de obra fora do horario permitido em predio vizinho",Perturbacao do Sossego,Setor Eta,Manha,Sabado,false,false,0.00,Nenhuma,Equipamento de obra,Vizinho,false,Baixa,Termo Circunstanciado de Ocorrencia,9
28,"Denuncia informa transporte de entorpecentes por veiculo em rota urbana ficticia",Trafico de Drogas,Setor Teta,Tarde,Domingo,false,false,0.00,Nenhuma,Veiculo,Desconhecido,false,Alta,Inquerito Policial,95
29,"Responsavel relata que crianca saiu de area comum do condominio e nao foi localizada",Pessoa Desaparecida,Setor Iota,Tarde,Segunda,false,true,0.00,Nenhuma,Nao se aplica,Familiar,false,Alta,Inquerito Policial,20
30,"Vitima relata controle de acesso ao telefone e ameacas psicologicas por companheiro",Violencia Domestica,Setor Kappa,Noite,Terca,false,false,0.00,Nenhuma,Coacao psicologica,Companheiro,false,Alta,Inquerito Policial,45
31,"Comunicante relata subtracao de documentos de dentro de veiculo estacionado sem dano aparente",Furto,Setor Alfa,Tarde,Quarta,false,false,0.00,Nenhuma,Subtracao sem violencia,Desconhecido,false,Baixa,Termo Circunstanciado de Ocorrencia,18
32,"Vitima afirma que tres pessoas cercaram e subtraerram mochila mediante intimidacao",Roubo,Setor Beta,Madrugada,Quinta,true,false,1100.00,Nenhuma,Grave ameaca,Desconhecido,false,Alta,Inquerito Policial,38
33,"Comunicante informa investimento ficticio prometido por mensagem e perda financeira elevada",Estelionato,Setor Gama,Noite,Sexta,false,false,250000.00,Nenhuma,Meio digital,Desconhecido,false,Alta,Inquerito Policial,120
34,"Vitima relata ameaca feita por antigo socio durante discussao sobre encerramento de contrato",Ameaca,Setor Delta,Tarde,Sabado,false,false,0.00,Nenhuma,Presencial,Ex-socio,false,Media,Termo Circunstanciado de Ocorrencia,16
35,"Pessoa relata lesao grave apos agressao com objeto durante conflito em estacionamento",Lesao Corporal,Setor Epsilon,Noite,Domingo,true,false,0.00,Grave,Objeto contundente,Desconhecido,true,Alta,Inquerito Policial,70
36,"Sindico comunica dano a cameras de seguranca do predio com prejuizo material significativo",Dano ao Patrimonio,Setor Zeta,Madrugada,Segunda,false,false,180000.00,Nenhuma,Objeto contundente,Desconhecido,true,Alta,Inquerito Policial,80
37,"Comunicante relata perturbacao por som automotivo em praceta residencial por varias horas",Perturbacao do Sossego,Setor Eta,Noite,Terca,false,false,0.00,Nenhuma,Som automotivo,Desconhecido,false,Baixa,Termo Circunstanciado de Ocorrencia,7
38,"Relato anonimo aponta entrega de pequenas porcoes de droga a estudantes em local ficticio",Trafico de Drogas,Setor Teta,Manha,Quarta,false,true,0.00,Nenhuma,Substancia ilicita,Desconhecido,false,Alta,Inquerito Policial,110
39,"Familiar informa que adulto com historico de desorientacao saiu sem documentos e nao retornou",Pessoa Desaparecida,Setor Iota,Madrugada,Quinta,false,false,0.00,Nenhuma,Nao se aplica,Familiar,false,Alta,Inquerito Policial,28
40,"Vitima relata violencia domestica com lesao moderada e presenca de menor no domicilio",Violencia Domestica,Setor Kappa,Noite,Sexta,true,true,0.00,Moderada,Forca fisica,Companheiro,true,Alta,Auto de Prisao em Flagrante,18
